Name,Job Title,Experience,Salary,Department
John Smith,Software Engineer,Mid-Level,85000,Engineering
Emily Johnson,Data Analyst,Entry-Level,65000,Analytics
Michael Brown,Product Manager,Senior,120000,Product
Sarah Davis,UX Designer,Mid-Level,90000,Design
Robert Wilson,Software Engineer,Senior,130000,Engineering
Jennifer Lee,HR Specialist,Mid-Level,75000,Human Resources
David Miller,Data Scientist,Senior,140000,Analytics
Lisa Taylor,Marketing Manager,Senior,110000,Marketing
James Anderson,DevOps Engineer,Mid-Level,105000,Engineering
Patricia Thomas,Accountant,Entry-Level,55000,Finance
Daniel Martinez,Software Engineer,Entry-Level,70000,Engineering
Jessica Garcia,UX Designer,Senior,115000,Design
Thomas Robinson,Data Analyst,Mid-Level,80000,Analytics
Margaret Clark,Product Manager,Senior,125000,Product
Christopher Lewis,Software Engineer,Mid-Level,95000,Engineering
Michelle Walker,HR Specialist,Senior,90000,Human Resources
Anthony Hall,Data Scientist,Entry-Level,75000,Analytics
Ashley Young,Marketing Manager,Mid-Level,95000,Marketing
Matthew Allen,DevOps Engineer,Senior,135000,Engineering
Rebecca King,Accountant,Mid-Level,65000,Finance